epoch,avg_loss
1,111.6223783493042
2,94.53044414520264
3,82.99898910522461
4,73.64372301101685
5,64.13366889953613
6,53.95451211929321
7,43.38052415847778
8,33.423723220825195
9,23.089864253997803
10,12.985928297042847
