epoch,avg_regret
1,-22.474578477354953
2,-17.773263557523023
3,-10.987353804972372
4,-8.221712215236039
5,-2.891301066847518
6,1.2688612431520596
7,7.772462668421213
8,9.534228722244734
9,15.147111308790045
10,19.75988631429209
